{
  "IcoMoonType": "selection",
  "icons": [
    {
      "icon": {
        "paths": [
          "M512 802.987c-282.752 0-512-153.515-512-342.912s229.248-342.912 512-342.912 512 153.557 512 342.912-229.248 342.912-512 342.912zM590.379 251.221c-214.955 0-389.163 104.96-389.163 234.453s174.208 234.411 389.12 234.411 373.589-71.765 373.589-234.411-158.635-234.453-373.547-234.453zM779.733 648.277c19.47 5.893 35.721 12.169 51.4 19.468l-2.376-0.993c9.56 4.781 17.752 10.711 24.837 17.754l-0.005-0.005c4.437 4.699 8.224 10.081 11.174 15.955l0.176 0.386 122.155 205.909-197.419 0.085-92.288-173.355c-9.048-15.888-19.166-29.622-30.681-42.042l0.132 0.144c-5.8-6.444-14.122-10.521-23.398-10.666h-46.917v225.792l-174.635 0.043v-576.64h350.763c0 0 159.744 2.859 159.744 154.88 0.001 0.162 0.001 0.354 0.001 0.546 0 86.4-67.192 157.106-152.173 162.714l-0.489 0.026zM703.787 455.168l-105.771-0.043v98.048h105.771c0.185 0.003 0.403 0.004 0.622 0.004 26.722 0 48.384-21.662 48.384-48.384 0-0.542-0.009-1.081-0.027-1.618l0.002 0.078c0.046-0.765 0.072-1.659 0.072-2.559 0-25.214-20.44-45.653-45.653-45.653-1.196 0-2.382 0.046-3.555 0.136l0.156-0.010z"
        ],
        "attrs": [
          {
            "fill": "rgb(39, 109, 195)"
          }
        ],
        "isMulticolor": false,
        "isMulticolor2": false,
        "tags": [
          "r"
        ],
        "grid": 0
      },
      "attrs": [
        {
          "fill": "rgb(39, 109, 195)"
        }
      ],
      "properties": {
        "order": 6,
        "id": 0,
        "prevSize": 32,
        "name": "r"
      },
      "setIdx": 0,
      "setId": 3,
      "iconIdx": 0
    },
    {
      "icon": {
        "paths": [
          "M490.454 691.833h56.789v-154.88h142.834v-55.069h-142.834v-154.88h-56.789v154.88h-141.113v55.069h141.113z",
          "M227.158 915.549h48.185v-137.671h127.346v-43.022h-127.346v-139.392h-48.185v139.392h-127.346v43.022h127.346z",
          "M762.355 418.211h48.185v-137.671h129.067v-41.301h-129.067v-139.392h-48.185v139.392h-127.346v41.301h127.346z",
          "M499.059 1023.965h41.301v-98.091h87.765v-36.139h-87.765v-98.091h-41.301v98.091h-86.045v36.139h86.045z",
          "M228.879 418.211h44.743v-139.392h129.067v-39.581h-129.067v-139.392h-44.743v139.392h-129.067v39.581h129.067z",
          "M908.631 624.718h41.301v-96.37h87.765v-37.86h-87.765v-96.37h-41.301v96.37h-86.045v37.86h86.045z",
          "M762.355 915.549h48.185v-137.671h129.067v-43.022h-129.067v-139.392h-48.185v139.392h-127.346v43.022h127.346z",
          "M621.242 123.939v-29.255h-86.045v-94.649h-30.976v94.649h-86.045v29.255h86.045v94.649h30.976v-94.649zM86.045 617.835h30.976v-94.649h86.045v-29.255h-86.045v-92.928h-30.976v92.928h-86.045v30.976l86.045-1.721z"
        ],
        "attrs": [
          {
            "fill": "rgb(232, 118, 45)"
          },
          {
            "fill": "rgb(199, 32, 55)"
          },
          {
            "fill": "rgb(91, 135, 155)"
          },
          {
            "fill": "rgb(92, 102, 146)"
          },
          {
            "fill": "rgb(235, 145, 41)"
          },
          {
            "fill": "rgb(92, 102, 146)"
          },
          {
            "fill": "rgb(31, 69, 126)"
          },
          {
            "fill": "rgb(113, 153, 166)"
          }
        ],
        "width": 1038,
        "isMulticolor": true,
        "isMulticolor2": false,
        "grid": 0,
        "tags": [
          "tableau-software_favicon_svg"
        ],
        "colorPermutations": {
          "11315316611993255123211845123514541131691261911351551921021461": [
            {
              "f": 4
            },
            {
              "f": 1
            },
            {
              "f": 3
            },
            {
              "f": 2
            },
            {
              "f": 5
            },
            {
              "f": 2
            },
            {
              "f": 0
            },
            {
              "f": 6
            }
          ]
        }
      },
      "attrs": [
        {
          "fill": "rgb(232, 118, 45)"
        },
        {
          "fill": "rgb(199, 32, 55)"
        },
        {
          "fill": "rgb(91, 135, 155)"
        },
        {
          "fill": "rgb(92, 102, 146)"
        },
        {
          "fill": "rgb(235, 145, 41)"
        },
        {
          "fill": "rgb(92, 102, 146)"
        },
        {
          "fill": "rgb(31, 69, 126)"
        },
        {
          "fill": "rgb(113, 153, 166)"
        }
      ],
      "properties": {
        "order": 3,
        "id": 0,
        "name": "tableau-software_favicon_svg",
        "prevSize": 32,
        "code": 59648,
        "codes": [
          59648,
          59649,
          59650,
          59651,
          59652,
          59653,
          59654,
          59655
        ]
      },
      "setIdx": 1,
      "setId": 2,
      "iconIdx": 0
    }
  ],
  "height": 1024,
  "preferences": {
    "showGlyphs": true,
    "showQuickUse": true,
    "showQuickUse2": true,
    "showSVGs": true,
    "fontPref": {
      "prefix": "icon-",
      "metadata": {
        "fontFamily": "icomoon"
      },
      "metrics": {
        "emSize": 1024,
        "baseline": 6.25,
        "whitespace": 50
      },
      "embed": false
    },
    "imagePref": {
      "prefix": "icon-",
      "png": true,
      "useClassSelector": true,
      "color": 0,
      "bgColor": 16777215,
      "classSelector": ".icon",
      "name": "icomoon",
      "autoHost": true
    },
    "historySize": 50,
    "showCodes": true,
    "gridSize": 16,
    "quickUsageToken": {
      "PortfolioIcons": "ZjgxYTIzODg1MGZjMGMyZDZhMDhmNjUzNWVjYzI2M2MjMSMxNjU3MjUzNDg1IyMjOGI0ZThmMmM1NmM5"
    }
  }
}